Lab Pc Data,,,,,,,,HPC Cluster Data,,,,,
PROB_NAME,MACHINE,PROB_SIZE,NUMBER_CORES,ALG_TIME,TOTAL_TIME,,,PROB_NAME,MACHINE,PROB_SIZE,NUMBER_CORES,ALG_TIME,TOTAL_TIME
Lab-8,12th Gen Intel(R) Core(TM) i5-12500,8,0,2.55E-07,1.99E-05,,,Lab-8,Intel(R) Xeon(R) CPU E5-2620 v3 @ 2.40GHz,4,0,8.26E-07,5.25E-05
Lab-8,12th Gen Intel(R) Core(TM) i5-12500,16,0,3.16E-07,1.89E-05,,,Lab-8,Intel(R) Xeon(R) CPU E5-2620 v3 @ 2.40GHz,8,0,7.81E-07,4.90E-05
Lab-8,12th Gen Intel(R) Core(TM) i5-12500,32,0,3.57E-07,1.89E-05,,,Lab-8,Intel(R) Xeon(R) CPU E5-2620 v3 @ 2.40GHz,16,0,1.90E-06,5.42E-05
Lab-8,12th Gen Intel(R) Core(TM) i5-12500,64,0,5.17E-07,2.21E-05,,,Lab-8,Intel(R) Xeon(R) CPU E5-2620 v3 @ 2.40GHz,32,0,1.80E-06,4.66E-05
Lab-8,12th Gen Intel(R) Core(TM) i5-12500,128,0,6.45E-07,2.41E-05,,,Lab-8,Intel(R) Xeon(R) CPU E5-2620 v3 @ 2.40GHz,64,0,2.10E-06,5.31E-05
Lab-8,12th Gen Intel(R) Core(TM) i5-12500,256,0,1.22E-06,2.37E-05,,,Lab-8,Intel(R) Xeon(R) CPU E5-2620 v3 @ 2.40GHz,128,0,2.10E-06,5.13E-05
Lab-8,12th Gen Intel(R) Core(TM) i5-12500,512,0,1.60E-06,2.64E-05,,,Lab-8,Intel(R) Xeon(R) CPU E5-2620 v3 @ 2.40GHz,256,0,2.32E-06,4.60E-05
Lab-8,12th Gen Intel(R) Core(TM) i5-12500,1024,0,4.27E-06,3.23E-05,,,Lab-8,Intel(R) Xeon(R) CPU E5-2620 v3 @ 2.40GHz,512,0,7.73E-06,7.18E-05
Lab-8,12th Gen Intel(R) Core(TM) i5-12500,2048,0,1.00E-05,4.86E-05,,,Lab-8,Intel(R) Xeon(R) CPU E5-2620 v3 @ 2.40GHz,1024,0,9.13E-06,6.28E-05
Lab-8,12th Gen Intel(R) Core(TM) i5-12500,4096,0,1.91E-05,7.58E-05,,,Lab-8,Intel(R) Xeon(R) CPU E5-2620 v3 @ 2.40GHz,2048,0,1.94E-05,0.000105637
Lab-8,12th Gen Intel(R) Core(TM) i5-12500,8192,0,4.91E-05,0.000143692,,,Lab-8,Intel(R) Xeon(R) CPU E5-2620 v3 @ 2.40GHz,4096,0,2.73E-05,0.000119304
Lab-8,12th Gen Intel(R) Core(TM) i5-12500,16384,0,9.33E-05,0.000247197,,,Lab-8,Intel(R) Xeon(R) CPU E5-2620 v3 @ 2.40GHz,8192,0,7.07E-05,0.000233435
Lab-8,12th Gen Intel(R) Core(TM) i5-12500,32768,0,0.000178084,0.000468328,,,Lab-8,Intel(R) Xeon(R) CPU E5-2620 v3 @ 2.40GHz,16384,0,0.000136877,0.000369521
Lab-8,12th Gen Intel(R) Core(TM) i5-12500,65536,0,0.000334921,0.000883069,,,Lab-8,Intel(R) Xeon(R) CPU E5-2620 v3 @ 2.40GHz,32768,0,0.000320758,0.000824549
Lab-8,12th Gen Intel(R) Core(TM) i5-12500,131072,0,0.000645411,0.001672213,,,Lab-8,Intel(R) Xeon(R) CPU E5-2620 v3 @ 2.40GHz,65536,0,0.000609159,0.001560596
Lab-8,12th Gen Intel(R) Core(TM) i5-12500,262144,0,0.001815295,0.004452065,,,Lab-8,Intel(R) Xeon(R) CPU E5-2620 v3 @ 2.40GHz,131072,0,0.001293231,0.00321456
Lab-8,12th Gen Intel(R) Core(TM) i5-12500,524288,0,0.002995227,0.008139557,,,Lab-8,Intel(R) Xeon(R) CPU E5-2620 v3 @ 2.40GHz,262144,0,0.002421733,0.005963852
Lab-8,12th Gen Intel(R) Core(TM) i5-12500,1048576,0,0.005053571,0.01549855,,,Lab-8,Intel(R) Xeon(R) CPU E5-2620 v3 @ 2.40GHz,524288,0,0.004221954,0.010655302
Lab-8,12th Gen Intel(R) Core(TM) i5-12500,2097152,0,0.009683173,0.026848896,,,Lab-8,Intel(R) Xeon(R) CPU E5-2620 v3 @ 2.40GHz,1048576,0,0.006269918,0.016487867
Lab-8,12th Gen Intel(R) Core(TM) i5-12500,4194304,0,0.018192723,0.051775594,,,Lab-8,Intel(R) Xeon(R) CPU E5-2620 v3 @ 2.40GHz,2097152,0,0.012421234,0.032680636
Lab-8,12th Gen Intel(R) Core(TM) i5-12500,8388608,0,0.03581242,0.101894347,,,Lab-8,Intel(R) Xeon(R) CPU E5-2620 v3 @ 2.40GHz,4194304,0,0.02067369,0.056094302
Lab-8,12th Gen Intel(R) Core(TM) i5-12500,16777216,0,0.071309315,0.200872998,,,Lab-8,Intel(R) Xeon(R) CPU E5-2620 v3 @ 2.40GHz,8388608,0,0.041956379,0.115020683
Lab-8,12th Gen Intel(R) Core(TM) i5-12500,33554432,0,0.142442586,0.396518168,,,Lab-8,Intel(R) Xeon(R) CPU E5-2620 v3 @ 2.40GHz,16777216,0,0.076785567,0.218059847
Lab-8,12th Gen Intel(R) Core(TM) i5-12500,67108864,0,0.289344187,0.797473672,,,Lab-8,Intel(R) Xeon(R) CPU E5-2620 v3 @ 2.40GHz,33554432,0,0.143869216,0.423933039
,,,,,,,,Lab-8,Intel(R) Xeon(R) CPU E5-2620 v3 @ 2.40GHz,67108864,0,0.29720664,0.830625201
