Lab PC,,,,,,,,HPC Cluster,,,,,
PROB_NAME,MACHINE,PROB_SIZE,NUMBER_CORES,ALG_TIME,TOTAL_TIME,,,PROB_NAME,MACHINE,PROB_SIZE,NUMBER_CORES,ALG_TIME,TOTAL_TIME
Lab-8,12th Gen Intel(R) Core(TM) i5-12500,4,0,3.81E-07,1.80E-05,,,Lab-8,Intel(R) Xeon(R) CPU E5-2620 v3 @ 2.40GHz,4,0,1.17E-06,7.11E-05
Lab-8,12th Gen Intel(R) Core(TM) i5-12500,8,0,5.51E-07,1.70E-05,,,Lab-8,Intel(R) Xeon(R) CPU E5-2620 v3 @ 2.40GHz,8,0,9.37E-07,4.97E-05
Lab-8,12th Gen Intel(R) Core(TM) i5-12500,16,0,9.37E-07,1.79E-05,,,Lab-8,Intel(R) Xeon(R) CPU E5-2620 v3 @ 2.40GHz,16,0,2.53E-06,7.82E-05
Lab-8,12th Gen Intel(R) Core(TM) i5-12500,32,0,1.85E-06,2.11E-05,,,Lab-8,Intel(R) Xeon(R) CPU E5-2620 v3 @ 2.40GHz,32,0,3.91E-06,5.18E-05
Lab-8,12th Gen Intel(R) Core(TM) i5-12500,64,0,3.60E-06,2.09E-05,,,Lab-8,Intel(R) Xeon(R) CPU E5-2620 v3 @ 2.40GHz,64,0,1.17E-05,9.26E-05
Lab-8,12th Gen Intel(R) Core(TM) i5-12500,128,0,8.76E-06,2.70E-05,,,Lab-8,Intel(R) Xeon(R) CPU E5-2620 v3 @ 2.40GHz,128,0,1.68E-05,7.30E-05
Lab-8,12th Gen Intel(R) Core(TM) i5-12500,256,0,1.71E-05,3.81E-05,,,Lab-8,Intel(R) Xeon(R) CPU E5-2620 v3 @ 2.40GHz,256,0,3.56E-05,9.36E-05
Lab-8,12th Gen Intel(R) Core(TM) i5-12500,512,0,3.71E-05,6.15E-05,,,Lab-8,Intel(R) Xeon(R) CPU E5-2620 v3 @ 2.40GHz,512,0,0.0001088,0.000204988
Lab-8,12th Gen Intel(R) Core(TM) i5-12500,1024,0,8.08E-05,0.000115824,,,Lab-8,Intel(R) Xeon(R) CPU E5-2620 v3 @ 2.40GHz,1024,0,0.000170345,0.000239683
Lab-8,12th Gen Intel(R) Core(TM) i5-12500,2048,0,0.000168901,0.000221248,,,Lab-8,Intel(R) Xeon(R) CPU E5-2620 v3 @ 2.40GHz,2048,0,0.000540542,0.000672968
Lab-8,12th Gen Intel(R) Core(TM) i5-12500,4096,0,0.000352487,0.000437134,,,Lab-8,Intel(R) Xeon(R) CPU E5-2620 v3 @ 2.40GHz,4096,0,0.000754371,0.000862436
Lab-8,12th Gen Intel(R) Core(TM) i5-12500,8192,0,0.000743629,0.000897652,,,Lab-8,Intel(R) Xeon(R) CPU E5-2620 v3 @ 2.40GHz,8192,0,0.002065388,0.002282503
Lab-8,12th Gen Intel(R) Core(TM) i5-12500,16384,0,0.001631667,0.001924818,,,Lab-8,Intel(R) Xeon(R) CPU E5-2620 v3 @ 2.40GHz,16384,0,0.003913032,0.004241056
Lab-8,12th Gen Intel(R) Core(TM) i5-12500,32768,0,0.003414306,0.003996982,,,Lab-8,Intel(R) Xeon(R) CPU E5-2620 v3 @ 2.40GHz,32768,0,0.006780437,0.007317032
Lab-8,12th Gen Intel(R) Core(TM) i5-12500,65536,0,0.007249964,0.008317144,,,Lab-8,Intel(R) Xeon(R) CPU E5-2620 v3 @ 2.40GHz,65536,0,0.017316411,0.018421121
Lab-8,12th Gen Intel(R) Core(TM) i5-12500,131072,0,0.015959857,0.018576158,,,Lab-8,Intel(R) Xeon(R) CPU E5-2620 v3 @ 2.40GHz,131072,0,0.032361905,0.034191531
Lab-8,12th Gen Intel(R) Core(TM) i5-12500,262144,0,0.029230747,0.032690263,,,Lab-8,Intel(R) Xeon(R) CPU E5-2620 v3 @ 2.40GHz,262144,0,0.079868005,0.083677449
Lab-8,12th Gen Intel(R) Core(TM) i5-12500,524288,0,0.068541577,0.07528454,,,Lab-8,Intel(R) Xeon(R) CPU E5-2620 v3 @ 2.40GHz,524288,0,0.210821355,0.217458805
Lab-8,12th Gen Intel(R) Core(TM) i5-12500,1048576,0,0.185209039,0.197926229,,,Lab-8,Intel(R) Xeon(R) CPU E5-2620 v3 @ 2.40GHz,1048576,0,0.571320995,0.583982098
Lab-8,12th Gen Intel(R) Core(TM) i5-12500,2097152,0,0.572585192,0.598146879,,,Lab-8,Intel(R) Xeon(R) CPU E5-2620 v3 @ 2.40GHz,2097152,0,1.693340607,1.719228564
Lab-8,12th Gen Intel(R) Core(TM) i5-12500,4194304,0,1.92814657,1.979259643,,,Lab-8,Intel(R) Xeon(R) CPU E5-2620 v3 @ 2.40GHz,4194304,0,5.818321483,5.877690161
Lab-8,12th Gen Intel(R) Core(TM) i5-12500,8388608,0,6.987978687,7.089686568,,,Lab-8,Intel(R) Xeon(R) CPU E5-2620 v3 @ 2.40GHz,8388608,0,21.38242468,21.49454088
Lab-8,12th Gen Intel(R) Core(TM) i5-12500,16777216,0,26.53063213,26.73459704,,,Lab-8,Intel(R) Xeon(R) CPU E5-2620 v3 @ 2.40GHz,16777216,0,83.44791631,83.69348153
