PROB_NAME,MACHINE,PROB_SIZE,NUMBER_CORES,ALG_TIME,TOTAL_TIME
Lab-8,12th Gen Intel(R) Core(TM) i5-12500,4,0,2.95E-06,1.14E-05
Lab-8,12th Gen Intel(R) Core(TM) i5-12500,8,0,5.60E-06,1.80E-05
Lab-8,12th Gen Intel(R) Core(TM) i5-12500,16,0,6.02E-06,1.77E-05
Lab-8,12th Gen Intel(R) Core(TM) i5-12500,32,0,7.28E-06,1.96E-05
Lab-8,12th Gen Intel(R) Core(TM) i5-12500,64,0,1.12E-05,2.86E-05
Lab-8,12th Gen Intel(R) Core(TM) i5-12500,128,0,1.35E-05,2.67E-05
Lab-8,12th Gen Intel(R) Core(TM) i5-12500,256,0,2.19E-05,3.62E-05
Lab-8,12th Gen Intel(R) Core(TM) i5-12500,512,0,3.19E-05,4.80E-05
Lab-8,12th Gen Intel(R) Core(TM) i5-12500,1024,0,3.63E-05,4.93E-05
Lab-8,12th Gen Intel(R) Core(TM) i5-12500,2048,0,7.30E-05,8.58E-05
Lab-8,12th Gen Intel(R) Core(TM) i5-12500,4096,0,1.41E-04,1.53E-04
Lab-8,12th Gen Intel(R) Core(TM) i5-12500,8192,0,2.92E-04,3.05E-04
Lab-8,12th Gen Intel(R) Core(TM) i5-12500,16384,0,5.78E-04,5.90E-04
Lab-8,12th Gen Intel(R) Core(TM) i5-12500,32768,0,1.12E-03,1.13E-03
Lab-8,12th Gen Intel(R) Core(TM) i5-12500,65536,0,2.22E-03,2.23E-03
Lab-8,12th Gen Intel(R) Core(TM) i5-12500,131072,0,4.22E-03,4.23E-03
Lab-8,12th Gen Intel(R) Core(TM) i5-12500,262144,0,6.85E-03,6.86E-03
Lab-8,12th Gen Intel(R) Core(TM) i5-12500,524288,0,0.014852999,0.014863042
Lab-8,12th Gen Intel(R) Core(TM) i5-12500,1048576,0,0.026930526,0.026939606
Lab-8,12th Gen Intel(R) Core(TM) i5-12500,2097152,0,0.050140982,0.050150173
Lab-8,12th Gen Intel(R) Core(TM) i5-12500,4194304,0,0.095645092,0.095653453
Lab-8,12th Gen Intel(R) Core(TM) i5-12500,8388608,0,0.188462793,0.188472023
Lab-8,12th Gen Intel(R) Core(TM) i5-12500,16777216,0,0.374890548,0.374899103
Lab-8,12th Gen Intel(R) Core(TM) i5-12500,33554432,0,0.757185148,0.757193787
Lab-8,12th Gen Intel(R) Core(TM) i5-12500,67108864,0,1.510745128,1.510753648
Lab-8,12th Gen Intel(R) Core(TM) i5-12500,4,2,7.74E-05,0.000129253
Lab-8,12th Gen Intel(R) Core(TM) i5-12500,8,2,6.41E-05,0.000118009
Lab-8,12th Gen Intel(R) Core(TM) i5-12500,16,2,6.74E-05,0.000123167
Lab-8,12th Gen Intel(R) Core(TM) i5-12500,32,2,6.40E-05,0.00012198
Lab-8,12th Gen Intel(R) Core(TM) i5-12500,64,2,7.01E-05,0.000130033
Lab-8,12th Gen Intel(R) Core(TM) i5-12500,128,2,7.37E-05,0.000131618
Lab-8,12th Gen Intel(R) Core(TM) i5-12500,256,2,6.40E-05,0.000123669
Lab-8,12th Gen Intel(R) Core(TM) i5-12500,512,2,8.12E-05,0.000140778
Lab-8,12th Gen Intel(R) Core(TM) i5-12500,1024,2,7.73E-05,0.000126944
Lab-8,12th Gen Intel(R) Core(TM) i5-12500,2048,2,9.55E-05,0.000146177
Lab-8,12th Gen Intel(R) Core(TM) i5-12500,4096,2,0.000152518,0.000205331
Lab-8,12th Gen Intel(R) Core(TM) i5-12500,8192,2,0.00020002,0.000252414
Lab-8,12th Gen Intel(R) Core(TM) i5-12500,16384,2,0.000311467,0.000362845
Lab-8,12th Gen Intel(R) Core(TM) i5-12500,32768,2,0.000452854,0.000502579
Lab-8,12th Gen Intel(R) Core(TM) i5-12500,65536,2,0.000819582,0.000867336
Lab-8,12th Gen Intel(R) Core(TM) i5-12500,131072,2,0.001691071,0.001745212
Lab-8,12th Gen Intel(R) Core(TM) i5-12500,262144,2,0.002940341,0.002988156
Lab-8,12th Gen Intel(R) Core(TM) i5-12500,524288,2,0.005423124,0.005470044
Lab-8,12th Gen Intel(R) Core(TM) i5-12500,1048576,2,0.010521108,0.010566952
Lab-8,12th Gen Intel(R) Core(TM) i5-12500,2097152,2,0.020126741,0.020170358
Lab-8,12th Gen Intel(R) Core(TM) i5-12500,4194304,2,0.038202604,0.038246438
Lab-8,12th Gen Intel(R) Core(TM) i5-12500,8388608,2,0.080181094,0.080231541
Lab-8,12th Gen Intel(R) Core(TM) i5-12500,16777216,2,0.150965347,0.151006491
Lab-8,12th Gen Intel(R) Core(TM) i5-12500,33554432,2,0.300630715,0.300671751
Lab-8,12th Gen Intel(R) Core(TM) i5-12500,67108864,2,0.566229988,0.566269337
Lab-8,12th Gen Intel(R) Core(TM) i5-12500,4,4,9.24E-05,0.000154578
Lab-8,12th Gen Intel(R) Core(TM) i5-12500,8,4,8.48E-05,0.000124365
Lab-8,12th Gen Intel(R) Core(TM) i5-12500,16,4,0.000102435,0.000158211
Lab-8,12th Gen Intel(R) Core(TM) i5-12500,32,4,8.93E-05,0.000139833
Lab-8,12th Gen Intel(R) Core(TM) i5-12500,64,4,8.18E-05,0.000128608
Lab-8,12th Gen Intel(R) Core(TM) i5-12500,128,4,9.15E-05,0.000145569
Lab-8,12th Gen Intel(R) Core(TM) i5-12500,256,4,9.03E-05,0.000145807
Lab-8,12th Gen Intel(R) Core(TM) i5-12500,512,4,8.09E-05,0.000121852
Lab-8,12th Gen Intel(R) Core(TM) i5-12500,1024,4,8.75E-05,0.000132266
Lab-8,12th Gen Intel(R) Core(TM) i5-12500,2048,4,0.000141769,0.000192777
Lab-8,12th Gen Intel(R) Core(TM) i5-12500,4096,4,0.000131406,0.000178077
Lab-8,12th Gen Intel(R) Core(TM) i5-12500,8192,4,0.000153869,0.000201697
Lab-8,12th Gen Intel(R) Core(TM) i5-12500,16384,4,0.000249161,0.000294499
Lab-8,12th Gen Intel(R) Core(TM) i5-12500,32768,4,0.000410678,0.00046793
Lab-8,12th Gen Intel(R) Core(TM) i5-12500,65536,4,0.000628757,0.0006737
Lab-8,12th Gen Intel(R) Core(TM) i5-12500,131072,4,0.001100757,0.001155095
Lab-8,12th Gen Intel(R) Core(TM) i5-12500,262144,4,0.00198551,0.002031514
Lab-8,12th Gen Intel(R) Core(TM) i5-12500,524288,4,0.004070143,0.00412445
Lab-8,12th Gen Intel(R) Core(TM) i5-12500,1048576,4,0.007561245,0.007605116
Lab-8,12th Gen Intel(R) Core(TM) i5-12500,2097152,4,0.013947645,0.013999644
Lab-8,12th Gen Intel(R) Core(TM) i5-12500,4194304,4,0.025144694,0.025187273
Lab-8,12th Gen Intel(R) Core(TM) i5-12500,8388608,4,0.04327489,0.043321146
Lab-8,12th Gen Intel(R) Core(TM) i5-12500,16777216,4,0.084864304,0.084903734
Lab-8,12th Gen Intel(R) Core(TM) i5-12500,33554432,4,0.169533472,0.169577366
Lab-8,12th Gen Intel(R) Core(TM) i5-12500,67108864,4,0.309713264,0.309753385
