HPC Cluster,,,,,,,,Lab PC,,,,,
,,,,,,,,,,,,,
PROB_NAME,MACHINE,PROB_SIZE,NUMBER_CORES,ALG_TIME,TOTAL_TIME,,,PROB_NAME,MACHINE,PROB_SIZE,NUMBER_CORES,ALG_TIME,TOTAL_TIME
Lab-8,Intel(R) Xeon(R) CPU E5-2620 v3 @ 2.40GHz,4,0,8.13E-07,8.77E-05,,,Lab-8,12th Gen Intel(R) Core(TM) i5-12500,4,0,5.33E-07,2.66E-05
Lab-8,Intel(R) Xeon(R) CPU E5-2620 v3 @ 2.40GHz,8,0,2.90E-06,4.52E-05,,,Lab-8,12th Gen Intel(R) Core(TM) i5-12500,8,0,2.30E-06,2.79E-05
Lab-8,Intel(R) Xeon(R) CPU E5-2620 v3 @ 2.40GHz,16,0,3.28E-05,0.000103603,,,Lab-8,12th Gen Intel(R) Core(TM) i5-12500,16,0,1.54E-05,4.88E-05
Lab-8,Intel(R) Xeon(R) CPU E5-2620 v3 @ 2.40GHz,32,0,0.0001896,0.000262341,,,Lab-8,12th Gen Intel(R) Core(TM) i5-12500,32,0,0.000116113,0.000189644
Lab-8,Intel(R) Xeon(R) CPU E5-2620 v3 @ 2.40GHz,64,0,0.002048626,0.002292052,,,Lab-8,12th Gen Intel(R) Core(TM) i5-12500,64,0,0.00098988,0.001211253
Lab-8,Intel(R) Xeon(R) CPU E5-2620 v3 @ 2.40GHz,128,0,0.012274137,0.012798814,,,Lab-8,12th Gen Intel(R) Core(TM) i5-12500,128,0,0.006945399,0.007764179
Lab-8,Intel(R) Xeon(R) CPU E5-2620 v3 @ 2.40GHz,256,0,0.142950232,0.145703764,,,Lab-8,12th Gen Intel(R) Core(TM) i5-12500,256,0,0.044889944,0.047330145
Lab-8,Intel(R) Xeon(R) CPU E5-2620 v3 @ 2.40GHz,512,0,1.303886493,1.312561214,,,Lab-8,12th Gen Intel(R) Core(TM) i5-12500,512,0,0.387531315,0.395696434
Lab-8,Intel(R) Xeon(R) CPU E5-2620 v3 @ 2.40GHz,1024,0,18.23519744,18.27028603,,,Lab-8,12th Gen Intel(R) Core(TM) i5-12500,1024,0,3.712828124,3.744227927
Lab-8,Intel(R) Xeon(R) CPU E5-2620 v3 @ 2.40GHz,2048,0,225.454904,225.6026567,,,Lab-8,12th Gen Intel(R) Core(TM) i5-12500,2048,0,67.98488733,68.10738186
