HPC Cluster,,,,,,,,Lab PC,,,,,
,,,,,,,,,,,,,
PROB_NAME,MACHINE,PROB_SIZE,NUMBER_CORES,ALG_TIME,TOTAL_TIME,,,PROB_NAME,MACHINE,PROB_SIZE,NUMBER_CORES,ALG_TIME,TOTAL_TIME
Lab-8,Intel(R) Xeon(R) CPU E5-2620 v3 @ 2.40GHz,4,0,5.77E-07,6.85E-05,,,Lab-8,12th Gen Intel(R) Core(TM) i5-12500,4,0,5.11E-07,2.36E-05
Lab-8,Intel(R) Xeon(R) CPU E5-2620 v3 @ 2.40GHz,8,0,2.92E-06,5.43E-05,,,Lab-8,12th Gen Intel(R) Core(TM) i5-12500,8,0,2.17E-06,2.75E-05
Lab-8,Intel(R) Xeon(R) CPU E5-2620 v3 @ 2.40GHz,16,0,2.33E-05,7.53E-05,,,Lab-8,12th Gen Intel(R) Core(TM) i5-12500,16,0,1.52E-05,5.04E-05
Lab-8,Intel(R) Xeon(R) CPU E5-2620 v3 @ 2.40GHz,32,0,0.000174977,0.000256649,,,Lab-8,12th Gen Intel(R) Core(TM) i5-12500,32,0,0.000127061,0.000205167
Lab-8,Intel(R) Xeon(R) CPU E5-2620 v3 @ 2.40GHz,64,0,0.00141669,0.001619747,,,Lab-8,12th Gen Intel(R) Core(TM) i5-12500,64,0,0.000932777,0.001168806
Lab-8,Intel(R) Xeon(R) CPU E5-2620 v3 @ 2.40GHz,128,0,0.01140139,0.012076874,,,Lab-8,12th Gen Intel(R) Core(TM) i5-12500,128,0,0.006782494,0.007632763
Lab-8,Intel(R) Xeon(R) CPU E5-2620 v3 @ 2.40GHz,256,0,0.100882029,0.103570613,,,Lab-8,12th Gen Intel(R) Core(TM) i5-12500,256,0,0.040952439,0.043789025
Lab-8,Intel(R) Xeon(R) CPU E5-2620 v3 @ 2.40GHz,512,0,0.715195341,0.72796206,,,Lab-8,12th Gen Intel(R) Core(TM) i5-12500,512,0,0.282006616,0.291322889
Lab-8,Intel(R) Xeon(R) CPU E5-2620 v3 @ 2.40GHz,1024,0,5.777931093,5.8285586,,,Lab-8,12th Gen Intel(R) Core(TM) i5-12500,1024,0,2.22228909,2.259577603
Lab-8,Intel(R) Xeon(R) CPU E5-2620 v3 @ 2.40GHz,2048,0,46.55894062,46.80572872,,,Lab-8,12th Gen Intel(R) Core(TM) i5-12500,2048,0,18.30304819,18.4421502
