HPC Cluster,,,,,,,,Lab Pc,,,,,
,,,,,,,,,,,,,
PROB_NAME,MACHINE,PROB_SIZE,NUMBER_CORES,ALG_TIME,TOTAL_TIME,,,PROB_NAME,MACHINE,PROB_SIZE,NUMBER_CORES,ALG_TIME,TOTAL_TIME
Lab-8,Intel(R) Xeon(R) CPU E5-2620 v3 @ 2.40GHz,4,0,5.04E-07,6.11E-05,,,Lab-8,12th Gen Intel(R) Core(TM) i5-12500,4,0,5.22E-07,2.21E-05
Lab-8,Intel(R) Xeon(R) CPU E5-2620 v3 @ 2.40GHz,8,0,3.07E-06,5.03E-05,,,Lab-8,12th Gen Intel(R) Core(TM) i5-12500,8,0,2.26E-06,2.56E-05
Lab-8,Intel(R) Xeon(R) CPU E5-2620 v3 @ 2.40GHz,16,0,2.21E-05,7.00E-05,,,Lab-8,12th Gen Intel(R) Core(TM) i5-12500,16,0,1.41E-05,4.62E-05
Lab-8,Intel(R) Xeon(R) CPU E5-2620 v3 @ 2.40GHz,32,0,0.000167462,0.000240907,,,Lab-8,12th Gen Intel(R) Core(TM) i5-12500,32,0,0.000104914,0.000173291
Lab-8,Intel(R) Xeon(R) CPU E5-2620 v3 @ 2.40GHz,64,0,0.001310436,0.001477099,,,Lab-8,12th Gen Intel(R) Core(TM) i5-12500,64,0,0.000893406,0.001105003
Lab-8,Intel(R) Xeon(R) CPU E5-2620 v3 @ 2.40GHz,128,0,0.010516701,0.011034703,,,Lab-8,12th Gen Intel(R) Core(TM) i5-12500,128,0,0.006452439,0.007180977
Lab-8,Intel(R) Xeon(R) CPU E5-2620 v3 @ 2.40GHz,256,0,0.081181681,0.083283969,,,Lab-8,12th Gen Intel(R) Core(TM) i5-12500,256,0,0.038595155,0.041085416
Lab-8,Intel(R) Xeon(R) CPU E5-2620 v3 @ 2.40GHz,512,0,0.630663538,0.638559274,,,Lab-8,12th Gen Intel(R) Core(TM) i5-12500,512,0,0.276360487,0.284745529
Lab-8,Intel(R) Xeon(R) CPU E5-2620 v3 @ 2.40GHz,1024,0,5.187454746,5.219420846,,,Lab-8,12th Gen Intel(R) Core(TM) i5-12500,1024,0,2.178126853,2.209631829
Lab-8,Intel(R) Xeon(R) CPU E5-2620 v3 @ 2.40GHz,2048,0,40.96179589,41.08727689,,,Lab-8,12th Gen Intel(R) Core(TM) i5-12500,2048,0,18.29307342,18.41473861
