HPC Cluster,,,,,,,,Lab Pc,,,,,
,,,,,,,,,,,,,
PROB_NAME,MACHINE,PROB_SIZE,NUMBER_CORES,ALG_TIME,TOTAL_TIME,,,PROB_NAME,MACHINE,PROB_SIZE,NUMBER_CORES,ALG_TIME,TOTAL_TIME
Lab-8,Intel(R) Xeon(R) CPU E5-2620 v3 @ 2.40GHz,4,0,8.16E-07,5.43E-05,,,Lab-8,12th Gen Intel(R) Core(TM) i5-12500,4,0,6.41E-07,2.48E-05
Lab-8,Intel(R) Xeon(R) CPU E5-2620 v3 @ 2.40GHz,8,0,4.25E-06,5.67E-05,,,Lab-8,12th Gen Intel(R) Core(TM) i5-12500,8,0,2.26E-06,2.66E-05
Lab-8,Intel(R) Xeon(R) CPU E5-2620 v3 @ 2.40GHz,16,0,3.18E-05,9.14E-05,,,Lab-8,12th Gen Intel(R) Core(TM) i5-12500,16,0,1.58E-05,5.03E-05
Lab-8,Intel(R) Xeon(R) CPU E5-2620 v3 @ 2.40GHz,32,0,0.000262257,0.000354912,,,Lab-8,12th Gen Intel(R) Core(TM) i5-12500,32,0,0.000125005,0.000196325
Lab-8,Intel(R) Xeon(R) CPU E5-2620 v3 @ 2.40GHz,64,0,0.002099635,0.002308443,,,Lab-8,12th Gen Intel(R) Core(TM) i5-12500,64,0,0.000970955,0.001191661
Lab-8,Intel(R) Xeon(R) CPU E5-2620 v3 @ 2.40GHz,128,0,0.018830838,0.019566543,,,Lab-8,12th Gen Intel(R) Core(TM) i5-12500,128,0,0.006684846,0.007480048
Lab-8,Intel(R) Xeon(R) CPU E5-2620 v3 @ 2.40GHz,256,0,0.15931046,0.162000806,,,Lab-8,12th Gen Intel(R) Core(TM) i5-12500,256,0,0.042748997,0.045180757
Lab-8,Intel(R) Xeon(R) CPU E5-2620 v3 @ 2.40GHz,512,0,1.31753228,1.330368536,,,Lab-8,12th Gen Intel(R) Core(TM) i5-12500,512,0,0.307292682,0.315601598
Lab-8,Intel(R) Xeon(R) CPU E5-2620 v3 @ 2.40GHz,1024,0,14.0860797,14.13435195,,,Lab-8,12th Gen Intel(R) Core(TM) i5-12500,1024,0,2.703976651,2.734988625
Lab-8,Intel(R) Xeon(R) CPU E5-2620 v3 @ 2.40GHz,2048,0,152.5182427,152.6852615,,,Lab-8,12th Gen Intel(R) Core(TM) i5-12500,2048,0,27.41393707,27.53507399
