HPC Cluster,,,,,,,,LAB PC,,,,,
,,,,,,,,,,,,,
PROB_NAME,MACHINE,PROB_SIZE,NUMBER_CORES,ALG_TIME,TOTAL_TIME,,,PROB_NAME,MACHINE,PROB_SIZE,NUMBER_CORES,ALG_TIME,TOTAL_TIME
Lab-8,Intel(R) Xeon(R) CPU E5-2620 v3 @ 2.40GHz,4,0,6.74E-07,4.94E-05,,,Lab-8,12th Gen Intel(R) Core(TM) i5-12500,4,0,5.44E-07,2.61E-05
Lab-8,Intel(R) Xeon(R) CPU E5-2620 v3 @ 2.40GHz,8,0,3.74E-06,6.23E-05,,,Lab-8,12th Gen Intel(R) Core(TM) i5-12500,8,0,2.19E-06,2.70E-05
Lab-8,Intel(R) Xeon(R) CPU E5-2620 v3 @ 2.40GHz,16,0,2.86E-05,9.20E-05,,,Lab-8,12th Gen Intel(R) Core(TM) i5-12500,16,0,1.50E-05,4.84E-05
Lab-8,Intel(R) Xeon(R) CPU E5-2620 v3 @ 2.40GHz,32,0,0.000222385,0.000315384,,,Lab-8,12th Gen Intel(R) Core(TM) i5-12500,32,0,0.000156628,0.000235798
Lab-8,Intel(R) Xeon(R) CPU E5-2620 v3 @ 2.40GHz,64,0,0.001737878,0.001951842,,,Lab-8,12th Gen Intel(R) Core(TM) i5-12500,64,0,0.000931104,0.001148234
Lab-8,Intel(R) Xeon(R) CPU E5-2620 v3 @ 2.40GHz,128,0,0.013196107,0.013869471,,,Lab-8,12th Gen Intel(R) Core(TM) i5-12500,128,0,0.006627811,0.007428994
Lab-8,Intel(R) Xeon(R) CPU E5-2620 v3 @ 2.40GHz,256,0,0.085991325,0.088203693,,,Lab-8,12th Gen Intel(R) Core(TM) i5-12500,256,0,0.038706927,0.040995023
Lab-8,Intel(R) Xeon(R) CPU E5-2620 v3 @ 2.40GHz,512,0,0.621756493,0.629314525,,,Lab-8,12th Gen Intel(R) Core(TM) i5-12500,512,0,0.326762557,0.335049919
Lab-8,Intel(R) Xeon(R) CPU E5-2620 v3 @ 2.40GHz,1024,0,5.003240976,5.034502799,,,Lab-8,12th Gen Intel(R) Core(TM) i5-12500,1024,0,2.567104891,2.598983077
Lab-8,Intel(R) Xeon(R) CPU E5-2620 v3 @ 2.40GHz,2048,0,40.45644452,40.58889525,,,Lab-8,12th Gen Intel(R) Core(TM) i5-12500,2048,0,17.86640535,17.99777111
