HPC Cluster,,,,,,,,LAB-PC,,,,,
PROB_NAME,MACHINE,PROB_SIZE,NUMBER_CORES,ALG_TIME,TOTAL_TIME,,,PROB_NAME,MACHINE,PROB_SIZE,NUMBER_CORES,ALG_TIME,TOTAL_TIME
Lab-8,Intel(R) Xeon(R) CPU E5-2620 v3 @ 2.40GHz,4,0,6.95E-07,5.33E-05,,,Lab-8,12th Gen Intel(R) Core(TM) i5-12500,4,0,7.11E-07,2.44E-05
Lab-8,Intel(R) Xeon(R) CPU E5-2620 v3 @ 2.40GHz,8,0,3.08E-06,4.80E-05,,,Lab-8,12th Gen Intel(R) Core(TM) i5-12500,8,0,3.03E-06,3.40E-05
Lab-8,Intel(R) Xeon(R) CPU E5-2620 v3 @ 2.40GHz,16,0,2.71E-05,8.20E-05,,,Lab-8,12th Gen Intel(R) Core(TM) i5-12500,16,0,1.64E-05,4.94E-05
Lab-8,Intel(R) Xeon(R) CPU E5-2620 v3 @ 2.40GHz,32,0,0.00017609,0.000255214,,,Lab-8,12th Gen Intel(R) Core(TM) i5-12500,32,0,0.000133009,0.00020505
Lab-8,Intel(R) Xeon(R) CPU E5-2620 v3 @ 2.40GHz,64,0,0.001452583,0.001622718,,,Lab-8,12th Gen Intel(R) Core(TM) i5-12500,64,0,0.001036411,0.001244629
Lab-8,Intel(R) Xeon(R) CPU E5-2620 v3 @ 2.40GHz,128,0,0.01158704,0.012126445,,,Lab-8,12th Gen Intel(R) Core(TM) i5-12500,128,0,0.007010887,0.007781373
Lab-8,Intel(R) Xeon(R) CPU E5-2620 v3 @ 2.40GHz,256,0,0.094894501,0.097020172,,,Lab-8,12th Gen Intel(R) Core(TM) i5-12500,256,0,0.046109845,0.048343611
Lab-8,Intel(R) Xeon(R) CPU E5-2620 v3 @ 2.40GHz,512,0,0.800796814,0.809071644,,,Lab-8,12th Gen Intel(R) Core(TM) i5-12500,512,0,0.32976711,0.337888626
Lab-8,Intel(R) Xeon(R) CPU E5-2620 v3 @ 2.40GHz,1024,0,6.679172187,6.712762255,,,Lab-8,12th Gen Intel(R) Core(TM) i5-12500,1024,0,2.632076812,2.663336798
Lab-8,Intel(R) Xeon(R) CPU E5-2620 v3 @ 2.40GHz,2048,0,54.6456871,54.7766755,,,Lab-8,12th Gen Intel(R) Core(TM) i5-12500,2048,0,21.95871076,22.08013924
