HPC Cluster,,,,,,,,Lab PC,,,,,
,,,,,,,,,,,,,
PROB_NAME,MACHINE,PROB_SIZE,NUMBER_CORES,ALG_TIME,TOTAL_TIME,,,PROB_NAME,MACHINE,PROB_SIZE,NUMBER_CORES,ALG_TIME,TOTAL_TIME
Lab-8,Intel(R) Xeon(R) CPU E5-2620 v3 @ 2.40GHz,4,0,5.62E-07,4.20E-05,,,Lab-8,12th Gen Intel(R) Core(TM) i5-12500,4,0,5.21E-07,2.34E-05
Lab-8,Intel(R) Xeon(R) CPU E5-2620 v3 @ 2.40GHz,8,0,3.03E-06,4.64E-05,,,Lab-8,12th Gen Intel(R) Core(TM) i5-12500,8,0,2.26E-06,2.95E-05
Lab-8,Intel(R) Xeon(R) CPU E5-2620 v3 @ 2.40GHz,16,0,2.20E-05,7.27E-05,,,Lab-8,12th Gen Intel(R) Core(TM) i5-12500,16,0,1.50E-05,4.85E-05
Lab-8,Intel(R) Xeon(R) CPU E5-2620 v3 @ 2.40GHz,32,0,0.000197294,0.00026973,,,Lab-8,12th Gen Intel(R) Core(TM) i5-12500,32,0,0.000114244,0.000181828
Lab-8,Intel(R) Xeon(R) CPU E5-2620 v3 @ 2.40GHz,64,0,0.001427818,0.00158981,,,Lab-8,12th Gen Intel(R) Core(TM) i5-12500,64,0,0.000967331,0.001181681
Lab-8,Intel(R) Xeon(R) CPU E5-2620 v3 @ 2.40GHz,128,0,0.013137024,0.013659983,,,Lab-8,12th Gen Intel(R) Core(TM) i5-12500,128,0,0.006788012,0.007532764
Lab-8,Intel(R) Xeon(R) CPU E5-2620 v3 @ 2.40GHz,256,0,0.123652747,0.125873744,,,Lab-8,12th Gen Intel(R) Core(TM) i5-12500,256,0,0.043976551,0.046401911
Lab-8,Intel(R) Xeon(R) CPU E5-2620 v3 @ 2.40GHz,512,0,1.295511844,1.303486185,,,Lab-8,12th Gen Intel(R) Core(TM) i5-12500,512,0,0.395322918,0.403534976
Lab-8,Intel(R) Xeon(R) CPU E5-2620 v3 @ 2.40GHz,1024,0,19.54023877,19.57114819,,,Lab-8,12th Gen Intel(R) Core(TM) i5-12500,1024,0,3.816295572,3.847291
Lab-8,Intel(R) Xeon(R) CPU E5-2620 v3 @ 2.40GHz,2048,0,232.2330988,232.3693355,,,Lab-8,12th Gen Intel(R) Core(TM) i5-12500,2048,0,66.96702864,67.08708045
