HPC Cluster,,,,,,,,Lab PC,,,,,
,,,,,,,,,,,,,
PROB_NAME,MACHINE,PROB_SIZE,NUMBER_CORES,ALG_TIME,TOTAL_TIME,,,PROB_NAME,MACHINE,PROB_SIZE,NUMBER_CORES,ALG_TIME,TOTAL_TIME
Lab-8,Intel(R) Xeon(R) CPU E5-2620 v3 @ 2.40GHz,4,0,7.32E-07,5.95E-05,,,Lab-8,12th Gen Intel(R) Core(TM) i5-12500,4,0,5.30E-07,2.28E-05
Lab-8,Intel(R) Xeon(R) CPU E5-2620 v3 @ 2.40GHz,8,0,2.82E-06,4.55E-05,,,Lab-8,12th Gen Intel(R) Core(TM) i5-12500,8,0,2.18E-06,2.59E-05
Lab-8,Intel(R) Xeon(R) CPU E5-2620 v3 @ 2.40GHz,16,0,2.66E-05,8.89E-05,,,Lab-8,12th Gen Intel(R) Core(TM) i5-12500,16,0,1.45E-05,4.54E-05
Lab-8,Intel(R) Xeon(R) CPU E5-2620 v3 @ 2.40GHz,32,0,0.000177273,0.000248764,,,Lab-8,12th Gen Intel(R) Core(TM) i5-12500,32,0,0.000116949,0.000183322
Lab-8,Intel(R) Xeon(R) CPU E5-2620 v3 @ 2.40GHz,64,0,0.001827196,0.00204099,,,Lab-8,12th Gen Intel(R) Core(TM) i5-12500,64,0,0.000893533,0.001103015
Lab-8,Intel(R) Xeon(R) CPU E5-2620 v3 @ 2.40GHz,128,0,0.012299003,0.012867016,,,Lab-8,12th Gen Intel(R) Core(TM) i5-12500,128,0,0.006424562,0.007169519
Lab-8,Intel(R) Xeon(R) CPU E5-2620 v3 @ 2.40GHz,256,0,0.131709183,0.134340302,,,Lab-8,12th Gen Intel(R) Core(TM) i5-12500,256,0,0.043364855,0.045515767
Lab-8,Intel(R) Xeon(R) CPU E5-2620 v3 @ 2.40GHz,512,0,1.002423912,1.010857022,,,Lab-8,12th Gen Intel(R) Core(TM) i5-12500,512,0,0.380964768,0.389235356
Lab-8,Intel(R) Xeon(R) CPU E5-2620 v3 @ 2.40GHz,1024,0,7.916838903,7.949733703,,,Lab-8,12th Gen Intel(R) Core(TM) i5-12500,1024,0,3.427109361,3.457878549
Lab-8,Intel(R) Xeon(R) CPU E5-2620 v3 @ 2.40GHz,2048,0,169.1363851,169.2782091,,,Lab-8,12th Gen Intel(R) Core(TM) i5-12500,2048,0,63.81938319,63.93971013
