PROB_NAME,MACHINE,PROB_SIZE,NUMBER_CORES,ALG_TIME,TOTAL_TIME
Lab-8,12th Gen Intel(R) Core(TM) i5-12500,4,0,3.52E-06,1.18E-05
Lab-8,12th Gen Intel(R) Core(TM) i5-12500,8,0,3.92E-06,1.20E-05
Lab-8,12th Gen Intel(R) Core(TM) i5-12500,16,0,2.91E-06,1.09E-05
Lab-8,12th Gen Intel(R) Core(TM) i5-12500,32,0,2.97E-06,1.11E-05
Lab-8,12th Gen Intel(R) Core(TM) i5-12500,64,0,3.21E-06,1.13E-05
Lab-8,12th Gen Intel(R) Core(TM) i5-12500,128,0,3.76E-06,1.18E-05
Lab-8,12th Gen Intel(R) Core(TM) i5-12500,256,0,3.31E-06,1.13E-05
Lab-8,12th Gen Intel(R) Core(TM) i5-12500,512,0,3.96E-06,1.18E-05
Lab-8,12th Gen Intel(R) Core(TM) i5-12500,1024,0,5.68E-06,1.34E-05
Lab-8,12th Gen Intel(R) Core(TM) i5-12500,2048,0,8.09E-06,1.57E-05
Lab-8,12th Gen Intel(R) Core(TM) i5-12500,4096,0,1.35E-05,2.11E-05
Lab-8,12th Gen Intel(R) Core(TM) i5-12500,8192,0,2.59E-05,3.36E-05
Lab-8,12th Gen Intel(R) Core(TM) i5-12500,16384,0,4.92E-05,5.70E-05
Lab-8,12th Gen Intel(R) Core(TM) i5-12500,32768,0,9.59E-05,0.000103726
Lab-8,12th Gen Intel(R) Core(TM) i5-12500,65536,0,0.000193573,0.000201164
Lab-8,12th Gen Intel(R) Core(TM) i5-12500,131072,0,0.000357883,0.000365458
Lab-8,12th Gen Intel(R) Core(TM) i5-12500,262144,0,0.000703033,0.000710572
Lab-8,12th Gen Intel(R) Core(TM) i5-12500,524288,0,0.001373589,0.001381113
Lab-8,12th Gen Intel(R) Core(TM) i5-12500,1048576,0,0.002684614,0.002692001
Lab-8,12th Gen Intel(R) Core(TM) i5-12500,2097152,0,0.005367636,0.005374494
Lab-8,12th Gen Intel(R) Core(TM) i5-12500,4194304,0,0.010726128,0.010734333
Lab-8,12th Gen Intel(R) Core(TM) i5-12500,8388608,0,0.017149468,0.017155219
Lab-8,12th Gen Intel(R) Core(TM) i5-12500,16777216,0,0.033534794,0.033540576
Lab-8,12th Gen Intel(R) Core(TM) i5-12500,33554432,0,0.061973119,0.061978741
Lab-8,12th Gen Intel(R) Core(TM) i5-12500,67108864,0,0.119478181,0.119483986
Lab-8,12th Gen Intel(R) Core(TM) i5-12500,4,2,0.000101363,0.000110233
Lab-8,12th Gen Intel(R) Core(TM) i5-12500,8,2,9.71E-05,0.000105458
Lab-8,12th Gen Intel(R) Core(TM) i5-12500,16,2,8.93E-05,9.79E-05
Lab-8,12th Gen Intel(R) Core(TM) i5-12500,32,2,0.000105081,0.00011308
Lab-8,12th Gen Intel(R) Core(TM) i5-12500,64,2,5.65E-05,6.48E-05
Lab-8,12th Gen Intel(R) Core(TM) i5-12500,128,2,4.61E-05,5.50E-05
Lab-8,12th Gen Intel(R) Core(TM) i5-12500,256,2,8.96E-05,9.78E-05
Lab-8,12th Gen Intel(R) Core(TM) i5-12500,512,2,5.21E-05,6.03E-05
Lab-8,12th Gen Intel(R) Core(TM) i5-12500,1024,2,6.07E-05,6.88E-05
Lab-8,12th Gen Intel(R) Core(TM) i5-12500,2048,2,5.89E-05,6.72E-05
Lab-8,12th Gen Intel(R) Core(TM) i5-12500,4096,2,5.06E-05,5.90E-05
Lab-8,12th Gen Intel(R) Core(TM) i5-12500,8192,2,6.47E-05,7.27E-05
Lab-8,12th Gen Intel(R) Core(TM) i5-12500,16384,2,7.43E-05,8.26E-05
Lab-8,12th Gen Intel(R) Core(TM) i5-12500,32768,2,9.69E-05,0.000105042
Lab-8,12th Gen Intel(R) Core(TM) i5-12500,65536,2,0.000141961,0.000149963
Lab-8,12th Gen Intel(R) Core(TM) i5-12500,131072,2,0.000243428,0.000251201
Lab-8,12th Gen Intel(R) Core(TM) i5-12500,262144,2,0.000409441,0.000417107
Lab-8,12th Gen Intel(R) Core(TM) i5-12500,524288,2,0.000783615,0.000791264
Lab-8,12th Gen Intel(R) Core(TM) i5-12500,1048576,2,0.001477822,0.001489686
Lab-8,12th Gen Intel(R) Core(TM) i5-12500,2097152,2,0.00277817,0.002785776
Lab-8,12th Gen Intel(R) Core(TM) i5-12500,4194304,2,0.005306567,0.005313436
Lab-8,12th Gen Intel(R) Core(TM) i5-12500,8388608,2,0.008518601,0.008524871
Lab-8,12th Gen Intel(R) Core(TM) i5-12500,16777216,2,0.01689957,0.016905322
Lab-8,12th Gen Intel(R) Core(TM) i5-12500,33554432,2,0.032881938,0.03288769
Lab-8,12th Gen Intel(R) Core(TM) i5-12500,67108864,2,0.06217213,0.062177788
Lab-8,12th Gen Intel(R) Core(TM) i5-12500,4,4,0.000134578,0.00014296
Lab-8,12th Gen Intel(R) Core(TM) i5-12500,8,4,0.000104521,0.000114821
Lab-8,12th Gen Intel(R) Core(TM) i5-12500,16,4,8.80E-05,9.70E-05
Lab-8,12th Gen Intel(R) Core(TM) i5-12500,32,4,8.89E-05,9.77E-05
Lab-8,12th Gen Intel(R) Core(TM) i5-12500,64,4,8.39E-05,9.21E-05
Lab-8,12th Gen Intel(R) Core(TM) i5-12500,128,4,8.47E-05,9.29E-05
Lab-8,12th Gen Intel(R) Core(TM) i5-12500,256,4,7.60E-05,8.44E-05
Lab-8,12th Gen Intel(R) Core(TM) i5-12500,512,4,9.54E-05,0.000103746
Lab-8,12th Gen Intel(R) Core(TM) i5-12500,1024,4,8.58E-05,9.42E-05
Lab-8,12th Gen Intel(R) Core(TM) i5-12500,2048,4,8.81E-05,9.75E-05
Lab-8,12th Gen Intel(R) Core(TM) i5-12500,4096,4,8.84E-05,9.64E-05
Lab-8,12th Gen Intel(R) Core(TM) i5-12500,8192,4,8.95E-05,9.76E-05
Lab-8,12th Gen Intel(R) Core(TM) i5-12500,16384,4,0.000112588,0.000121034
Lab-8,12th Gen Intel(R) Core(TM) i5-12500,32768,4,0.000106639,0.000114997
Lab-8,12th Gen Intel(R) Core(TM) i5-12500,65536,4,0.000147311,0.000155507
Lab-8,12th Gen Intel(R) Core(TM) i5-12500,131072,4,0.000191808,0.000200236
Lab-8,12th Gen Intel(R) Core(TM) i5-12500,262144,4,0.000277351,0.00028534
Lab-8,12th Gen Intel(R) Core(TM) i5-12500,524288,4,0.000489018,0.000496998
Lab-8,12th Gen Intel(R) Core(TM) i5-12500,1048576,4,0.000967975,0.000976029
Lab-8,12th Gen Intel(R) Core(TM) i5-12500,2097152,4,0.002243215,0.002251329
Lab-8,12th Gen Intel(R) Core(TM) i5-12500,4194304,4,0.00486314,0.004870873
Lab-8,12th Gen Intel(R) Core(TM) i5-12500,8388608,4,0.009529722,0.009537421
Lab-8,12th Gen Intel(R) Core(TM) i5-12500,16777216,4,0.017630195,0.017637094
Lab-8,12th Gen Intel(R) Core(TM) i5-12500,33554432,4,0.025202724,0.025208447
Lab-8,12th Gen Intel(R) Core(TM) i5-12500,67108864,4,0.03367705,0.033682854
