PROB_NAME,MACHINE,PROB_SIZE,NUMBER_CORES,ALG_TIME,TOTAL_TIME
Lab-8,12th Gen Intel(R) Core(TM) i5-12500,4,0,2.09E-06,1.40E-05
Lab-8,12th Gen Intel(R) Core(TM) i5-12500,8,0,2.00E-06,1.22E-05
Lab-8,12th Gen Intel(R) Core(TM) i5-12500,16,0,1.94E-06,1.24E-05
Lab-8,12th Gen Intel(R) Core(TM) i5-12500,32,0,2.08E-06,1.23E-05
Lab-8,12th Gen Intel(R) Core(TM) i5-12500,64,0,1.18E-06,1.29E-05
Lab-8,12th Gen Intel(R) Core(TM) i5-12500,128,0,1.01E-06,1.28E-05
Lab-8,12th Gen Intel(R) Core(TM) i5-12500,256,0,1.24E-06,1.41E-05
Lab-8,12th Gen Intel(R) Core(TM) i5-12500,512,0,3.15E-06,1.75E-05
Lab-8,12th Gen Intel(R) Core(TM) i5-12500,1024,0,5.63E-06,2.38E-05
Lab-8,12th Gen Intel(R) Core(TM) i5-12500,2048,0,1.22E-05,3.58E-05
Lab-8,12th Gen Intel(R) Core(TM) i5-12500,4096,0,2.23E-05,6.03E-05
Lab-8,12th Gen Intel(R) Core(TM) i5-12500,8192,0,3.99E-05,0.00010579
Lab-8,12th Gen Intel(R) Core(TM) i5-12500,16384,0,7.73E-05,0.000220985
Lab-8,12th Gen Intel(R) Core(TM) i5-12500,32768,0,0.000164797,0.000427995
Lab-8,12th Gen Intel(R) Core(TM) i5-12500,65536,0,0.000323197,0.000833444
Lab-8,12th Gen Intel(R) Core(TM) i5-12500,131072,0,0.000644997,0.001636477
Lab-8,12th Gen Intel(R) Core(TM) i5-12500,262144,0,0.001281703,0.003188515
Lab-8,12th Gen Intel(R) Core(TM) i5-12500,524288,0,0.002859487,0.006812489
Lab-8,12th Gen Intel(R) Core(TM) i5-12500,1048576,0,0.004237453,0.011953448
Lab-8,12th Gen Intel(R) Core(TM) i5-12500,2097152,0,0.008178795,0.020852521
Lab-8,12th Gen Intel(R) Core(TM) i5-12500,4194304,0,0.015329184,0.040034876
Lab-8,12th Gen Intel(R) Core(TM) i5-12500,8388608,0,0.030087197,0.078509615
Lab-8,12th Gen Intel(R) Core(TM) i5-12500,16777216,0,0.059305132,0.155098463
Lab-8,12th Gen Intel(R) Core(TM) i5-12500,33554432,0,0.11806134,0.308280899
Lab-8,12th Gen Intel(R) Core(TM) i5-12500,67108864,0,0.23472469,0.613508725
Lab-8,12th Gen Intel(R) Core(TM) i5-12500,4,2,2.12E-06,0.000100542
Lab-8,12th Gen Intel(R) Core(TM) i5-12500,8,2,1.75E-06,0.000105127
Lab-8,12th Gen Intel(R) Core(TM) i5-12500,16,2,1.88E-06,7.51E-05
Lab-8,12th Gen Intel(R) Core(TM) i5-12500,32,2,1.57E-06,9.92E-05
Lab-8,12th Gen Intel(R) Core(TM) i5-12500,64,2,2.42E-06,5.35E-05
Lab-8,12th Gen Intel(R) Core(TM) i5-12500,128,2,2.55E-06,5.47E-05
Lab-8,12th Gen Intel(R) Core(TM) i5-12500,256,2,2.91E-06,7.90E-05
Lab-8,12th Gen Intel(R) Core(TM) i5-12500,512,2,3.53E-06,6.52E-05
Lab-8,12th Gen Intel(R) Core(TM) i5-12500,1024,2,5.85E-06,8.11E-05
Lab-8,12th Gen Intel(R) Core(TM) i5-12500,2048,2,5.73E-06,8.43E-05
Lab-8,12th Gen Intel(R) Core(TM) i5-12500,4096,2,1.20E-05,0.000101997
Lab-8,12th Gen Intel(R) Core(TM) i5-12500,8192,2,2.14E-05,0.000100611
Lab-8,12th Gen Intel(R) Core(TM) i5-12500,16384,2,4.30E-05,0.000212468
Lab-8,12th Gen Intel(R) Core(TM) i5-12500,32768,2,8.96E-05,0.000320416
Lab-8,12th Gen Intel(R) Core(TM) i5-12500,65536,2,0.000178092,0.000549233
Lab-8,12th Gen Intel(R) Core(TM) i5-12500,131072,2,0.000364899,0.00101903
Lab-8,12th Gen Intel(R) Core(TM) i5-12500,262144,2,0.000729201,0.00193939
Lab-8,12th Gen Intel(R) Core(TM) i5-12500,524288,2,0.001436544,0.003900742
Lab-8,12th Gen Intel(R) Core(TM) i5-12500,1048576,2,0.002384745,0.006893869
Lab-8,12th Gen Intel(R) Core(TM) i5-12500,2097152,2,0.004651327,0.01262435
Lab-8,12th Gen Intel(R) Core(TM) i5-12500,4194304,2,0.009186468,0.024855156
Lab-8,12th Gen Intel(R) Core(TM) i5-12500,8388608,2,0.017566531,0.048568406
Lab-8,12th Gen Intel(R) Core(TM) i5-12500,16777216,2,0.03376326,0.094400489
Lab-8,12th Gen Intel(R) Core(TM) i5-12500,33554432,2,0.066826976,0.188277597
Lab-8,12th Gen Intel(R) Core(TM) i5-12500,67108864,2,0.132706107,0.369026362
Lab-8,12th Gen Intel(R) Core(TM) i5-12500,4,4,1.92E-06,0.000163124
Lab-8,12th Gen Intel(R) Core(TM) i5-12500,8,4,2.19E-06,0.00014675
Lab-8,12th Gen Intel(R) Core(TM) i5-12500,16,4,2.94E-06,0.000102845
Lab-8,12th Gen Intel(R) Core(TM) i5-12500,32,4,2.28E-06,9.38E-05
Lab-8,12th Gen Intel(R) Core(TM) i5-12500,64,4,2.75E-06,9.38E-05
Lab-8,12th Gen Intel(R) Core(TM) i5-12500,128,4,2.41E-06,8.49E-05
Lab-8,12th Gen Intel(R) Core(TM) i5-12500,256,4,2.76E-06,0.000104483
Lab-8,12th Gen Intel(R) Core(TM) i5-12500,512,4,3.38E-06,9.21E-05
Lab-8,12th Gen Intel(R) Core(TM) i5-12500,1024,4,7.94E-06,9.79E-05
Lab-8,12th Gen Intel(R) Core(TM) i5-12500,2048,4,1.07E-05,0.000118057
Lab-8,12th Gen Intel(R) Core(TM) i5-12500,4096,4,1.09E-05,0.000117086
Lab-8,12th Gen Intel(R) Core(TM) i5-12500,8192,4,1.37E-05,0.00014199
Lab-8,12th Gen Intel(R) Core(TM) i5-12500,16384,4,2.60E-05,0.000207827
Lab-8,12th Gen Intel(R) Core(TM) i5-12500,32768,4,5.05E-05,0.0002749
Lab-8,12th Gen Intel(R) Core(TM) i5-12500,65536,4,0.000102759,0.000435884
Lab-8,12th Gen Intel(R) Core(TM) i5-12500,131072,4,0.000208648,0.00079614
Lab-8,12th Gen Intel(R) Core(TM) i5-12500,262144,4,0.000507713,0.001556455
Lab-8,12th Gen Intel(R) Core(TM) i5-12500,524288,4,0.00108947,0.003119712
Lab-8,12th Gen Intel(R) Core(TM) i5-12500,1048576,4,0.002230223,0.006437127
Lab-8,12th Gen Intel(R) Core(TM) i5-12500,2097152,4,0.005006092,0.014688249
Lab-8,12th Gen Intel(R) Core(TM) i5-12500,4194304,4,0.009060324,0.027918864
Lab-8,12th Gen Intel(R) Core(TM) i5-12500,8388608,4,0.012106954,0.037049023
Lab-8,12th Gen Intel(R) Core(TM) i5-12500,16777216,4,0.023989753,0.067858216
Lab-8,12th Gen Intel(R) Core(TM) i5-12500,33554432,4,0.046071219,0.130828285
Lab-8,12th Gen Intel(R) Core(TM) i5-12500,67108864,4,0.088650365,0.253178085
